﻿<?xml version="1.0" encoding="utf-8"?>
<Items>
  <Item name="Among Us Accordion" identifier="amongusaccordion" category="Misc" Tags="smallitem" scale="0.5" description="" price="300" impactsoundtag="impact_metal_light" isshootable="true">
    <PreferredContainer primary="crewcab" spawnprobability="0.01"/>
    <PreferredContainer primary="abandonedcrewcab" spawnprobability="0.1"/>
    <Price baseprice="500" soldeverywhere="true">
      <Price locationtype="outpost" multiplier="1" minavailable="1" />
      <Price locationtype="city" multiplier="1" sold="true"/>
      <Price locationtype="research" multiplier="1" sold="false"/>
      <Price locationtype="military" multiplier="1" sold="true"/>
      <Price locationtype="mine" multiplier="1" sold="false"/>
    </Price>
    <Upgrade gameversion="0.9.2.0" scale="0.5" />
    <InventoryIcon texture="Content/Items/InventoryIconAtlas.png" sourcerect="576,956,64,64" origin="0.5,0.5" />
    <Sprite texture="Misc.png" sourcerect="164,5,92,110" depth="0.55" origin="0.5,0.5" />
    <Body width="92" height="110" />
    <Holdable slots="RightHand+LeftHand,Any" aimable="false" aimpos="50,-20" handle1="-20,0" handle2="-10,0" swingamount="50,0" swingspeed="0.5" swingwhenusing="true" msg="ItemMsgPickUpSelect">
      <sound file="Mods/Among Us Accordion/AccordionLoop.ogg" type="OnUse" range="800" loop="true" />
    </Holdable>
  </Item>
</Items>